#timestamp [ns],p_RS_R_x [m],p_RS_R_y [m],p_RS_R_z [m],q_RS_w [],q_RS_x [],q_RS_y [],q_RS_z []
1520531467550669082,2.044594449576015230e-02,6.353838440963252565e-02,1.164979184608248702e-01,9.997829600562255781e-01,1.596091602340376364e-02,-1.226512138086352684e-02,5.371102160485790450e-03
1520531467900680082,1.222478824521017367e-02,5.208554789803986063e-02,1.147518035459797331e-01,9.996767194139453139e-01,1.864314590884568607e-02,-1.500926008917859850e-02,-8.579736823997680117e-03
1520531468250725907,6.271920106838138435e-03,4.415996323544483376e-02,1.182585942282092101e-01,9.995957316806014514e-01,1.360821642278000482e-02,-1.703654928765562654e-02,-1.824679807755877348e-02
1520531468650827152,9.671111533112768804e-03,5.002524224455195262e-02,1.218881803407280834e-01,9.995693633693603086e-01,2.070482258175848633e-02,-1.539251268899595460e-02,-1.398101170691282147e-02
1520531469000744135,1.145113852798732706e-02,5.117779887615998141e-02,1.206862846439175768e-01,9.997173899527938001e-01,9.774115385642731177e-04,-1.171307324388651955e-02,-2.066370750474371201e-02
1520531469400733819,7.066719217624916304e-03,5.708626275556448471e-02,1.251609601431659391e-01,9.991926457125859251e-01,-2.630114388357014665e-02,-2.588328622002505214e-02,-1.588590818149610007e-02
1520531470200703521,-8.462123178230708184e-03,5.735329312245830702e-02,1.170008207524143723e-01,9.994374531425147534e-01,4.057779852426144501e-06,-2.626346367162290737e-02,-2.085683857893092658e-02
1520531471550811994,5.893482956127130135e-02,4.692460555891004442e-02,5.451916419615085441e-02,9.995937181404919158e-01,1.026299126913387399e-02,-9.809821211297619845e-03,-2.471511828980641270e-02
1520531471900849573,2.120635666185154145e-01,1.371166053802764552e-02,4.721849956907355622e-02,9.997617490909519455e-01,2.175192656772756417e-02,1.858062515781012090e-04,-1.806715591804852706e-03
1520531472250912573,4.268739615185704883e-01,-3.708841266572306811e-02,1.583352530224005350e-01,9.992199298946063957e-01,1.077500880889152579e-02,-3.292893743814576113e-02,1.895035529432136101e-02
1520531472600891784,4.798582999673858818e-01,-6.522223693096766695e-02,3.205153704208870136e-01,9.975852776245069942e-01,-2.470242445610720122e-02,-4.647196031276982359e-02,4.531843992807113586e-02
1520531472950755065,3.270964004644599799e-01,-7.122539788216263046e-02,3.552683131950189477e-01,9.982483477930271798e-01,-3.069479727702632138e-02,-4.928264833414660456e-02,-1.137040552428862476e-02
1520531473300772521,9.803904432397146651e-02,-5.469300451323613060e-02,1.876792056739242098e-01,9.989160632637569259e-01,1.757890017839384977e-02,-3.843131588994050385e-02,-1.951191382524605084e-02
1520531473650783521,-1.669151875842022348e-01,6.795377822028722883e-03,-1.017754715357904738e-02,9.960558348300034837e-01,6.466687061054084140e-02,-3.755547279766235924e-02,-4.775516945304219413e-02
1520531474151127521,-6.381385651166006090e-01,1.509620525228472787e-01,-3.141149277409722995e-02,9.938582389325596456e-01,2.038928104806561614e-02,-2.574952628847746242e-02,-1.056742164396460293e-01
1520531474750991854,-9.861995089409177906e-01,1.186695750476389477e-01,2.414163347718376595e-01,9.937891907210284481e-01,-5.055590111787864119e-03,6.944798742224529697e-02,-8.680128142870188745e-02
1520531475100903819,-8.638085317731452051e-01,-7.258961277749545471e-02,2.792116784789180906e-01,9.923899075614869281e-01,-5.545325596097566007e-02,6.880342468721431515e-02,-8.575136456489121373e-02
1520531475450789065,-5.304383482054829679e-01,-1.211097084927503925e-01,1.393984786537647291e-01,9.988507899935678003e-01,-2.143661717475416409e-02,1.731355891272135655e-02,-3.921493913171894552e-02
1520531475800905258,-1.375759436211224651e-01,-6.152208542476501202e-02,7.609845796161755944e-03,9.979703555377739121e-01,3.522291557658960293e-02,-9.668658620762739936e-03,5.216351911603274438e-02
1520531476151157240,2.050293094234607039e-01,7.888031218237601117e-02,-3.473915647663774336e-02,9.873738020905060697e-01,7.336463424314738913e-02,2.091087292855342127e-03,1.403788899430438997e-01
1520531476551211433,5.211250674042366970e-01,3.119316497715775016e-01,3.264476271329896928e-02,9.651204831097507375e-01,4.497804811937439889e-02,-6.923670877412272003e-03,2.578206567576650232e-01
1520531477151114556,7.609796391182850339e-01,2.976930288897603472e-01,3.325573858329796684e-01,9.672517460279609347e-01,-3.634834004515662131e-02,-8.829016503774213265e-02,2.351759016979230732e-01
1520531477500952363,7.877096842970066071e-01,2.873714365952058369e-02,4.300270315862925741e-01,9.763184848728359011e-01,-1.055983253435575780e-01,-7.480291205468549143e-02,1.733658966705546589e-01
1520531478000776924,7.872573876400396076e-01,-3.343780824393162709e-01,2.773720908449366362e-01,9.920694680699603252e-01,-6.308299909778940229e-02,-2.700170674171581062e-02,1.053072342303647824e-01
1520531478350835433,6.603430388477935509e-01,-4.027747181129002763e-01,-8.279289378296148319e-03,9.962253122882633871e-01,2.269776505116892495e-02,-2.740377084833914637e-02,7.917683980259519749e-02
1520531478701495696,3.658378796342222072e-01,-3.498360125039884916e-01,-1.934045900774604143e-01,9.925415787131821599e-01,6.727394555892235450e-02,5.770092628937149859e-03,1.014994423902555037e-01
1520531479052028170,5.915184293744003841e-02,-2.911848558946729670e-01,-1.382468626776550136e-01,9.945878130979920462e-01,6.094026050038877512e-02,2.956183830391399467e-02,7.878746349002406502e-02
1520531479401539801,-2.112965813353491207e-01,-2.307435042658552982e-01,1.176880046995608248e-01,9.974951048305659151e-01,-7.952886698372473723e-03,2.840509956812560174e-02,6.429166159577882900e-02
1520531479751549801,-5.573941073010668656e-01,-1.845134389257163665e-01,3.325502035755762975e-01,9.974640839847790375e-01,-6.943104184346396424e-02,1.225155134799803779e-02,-9.727850662112572794e-03
1520531480101004170,-8.841402479864115538e-01,-1.019624723085007373e-01,2.043861340611076716e-01,9.829803842749311737e-01,1.699850442107047471e-02,3.032720940064857068e-02,-1.803908959679638435e-01
1520531480450972644,-8.875875359666989262e-01,-7.657743911761767663e-02,1.852817755618589024e-01,9.636041570401773226e-01,8.637345372271475197e-03,1.793687286276643977e-01,-1.980385921741135979e-01
1520531480801256907,-4.854400025968221843e-01,-1.205007744568629691e-01,1.893685384225544943e-01,9.420418712119583704e-01,1.749600739040340150e-02,3.115635538418087269e-01,1.232037114957551804e-01
1520531481151240345,-3.906350335632198523e-02,-1.375185486743752544e-02,7.168568430478079734e-02,8.958725172456352137e-01,1.316030359662559435e-01,1.162100360951900946e-01,4.081523015728170112e-01
1520531481501554731,1.033820767417158448e-01,-5.144649250276421559e-02,2.325384600081099318e-01,9.106988769913957338e-01,6.490450407870838878e-02,-2.248583257602287389e-01,3.403728751431501776e-01
1520531481851201837,-7.191862659059285179e-02,-1.988407252849032913e-01,2.198788853080217987e-01,9.071642234951337036e-01,6.602119292921693194e-02,-4.149617132690109900e-01,2.238415098951592949e-02
1520531482201212837,-3.741386167498511051e-01,-2.077286085177986463e-01,9.824405594755752924e-03,9.064193748371942583e-01,8.037105318967825707e-02,-2.698876017740379218e-01,-3.148096141123874481e-01
1520531482551969749,-5.255417717102411901e-01,-1.376487133158478815e-01,1.136260944402801149e-01,9.022316663512401913e-01,-2.801181009490056467e-02,1.070904402956970314e-01,-4.168033065194486353e-01
1520531482901599328,-3.094934733619036926e-01,-1.774807390920722650e-01,3.016430668596548625e-01,9.226086966863034089e-01,-1.080964607638242175e-01,3.266523769010883926e-01,-1.743748050436329800e-01
1520531483250953345,3.330492702921327569e-02,-1.837966110091026062e-01,2.160250985137519009e-01,9.495095824504237170e-01,-1.852011578539553265e-03,2.639012340207561591e-01,1.696592513547581782e-01
1520531483601309047,2.945072725553788406e-01,-1.264811819672569393e-01,1.909485235784059154e-01,9.348046689468232362e-01,3.697353459310266655e-02,-1.227289585913622812e-02,3.530192129079431362e-01
1520531483951209872,2.560871341024045789e-01,-1.124218682311858980e-01,3.259816772271684204e-01,8.829222357128528875e-01,-4.551994189374149180e-02,-3.218033706456368548e-01,3.388493045808340653e-01
1520531484301015538,-3.923075050127593222e-02,-1.682585340068541713e-01,2.586733028372499299e-01,9.613651316694676874e-01,-6.669681406601860041e-02,-2.655169846204497031e-01,2.879842845806169713e-02
1520531484651026538,-1.752916837615676737e-01,-1.562513443961601745e-01,2.643738063157377027e-01,9.889027298645585162e-01,-1.169685722129282512e-01,2.398903313646489482e-02,-8.839836124086637714e-02
1520531485001096626,-1.286570827842196119e-01,-1.061312993409649214e-01,3.504661615065908786e-01,9.485306101377035670e-01,-3.149754910886999326e-01,-1.731663468498982617e-02,-2.793305941737918990e-02
1520531485350929293,-5.764031467233738520e-02,-1.214196482712896624e-01,2.534950490838473458e-01,9.857313466318302630e-01,1.669259435255027735e-01,-7.680290860266471113e-03,2.025968355678126054e-02
1520531485701293223,-2.040550095818676607e-02,-1.181868417427240914e-01,2.520281298876148046e-01,9.993219205896910484e-01,2.877807373044533393e-02,1.601338856930928237e-03,2.291194481403831251e-02
1520531486051381766,-1.943595852548943639e-02,-9.529718944685421078e-02,3.220813758171038321e-01,9.902750964946017698e-01,-1.381729683455159285e-01,-1.255544453308628759e-02,1.028712271593948922e-02
1520531486401077942,2.523108411177767824e-02,-1.698420266576157467e-02,3.062271214350457127e-01,9.246532741830379987e-01,-4.220792910748885629e-02,-7.004769293450323342e-02,3.719249036802973474e-01
1520531486751088942,2.741261973019379003e-02,-5.262703449594626631e-02,3.040171088040058422e-01,9.917110597478061562e-01,-4.620682761969072128e-02,-3.893628765485707133e-02,1.133934237902085168e-01
1520531487101222679,-3.182153824954913474e-02,-5.131491869380135074e-02,2.939479989073324750e-01,9.416096056910637779e-01,-1.176027086039417163e-01,1.938664231372406663e-02,-3.149049245393532037e-01
1520531487451159714,-2.681322383510950993e-02,-5.058854260230102179e-02,2.955330754585832054e-01,9.979719967515044976e-01,-4.703586306743045425e-02,-2.560032995786381410e-02,3.441139914862045845e-02
1520531487801162854,-1.015679138845364043e-03,-5.190484797797445538e-02,2.794852386748586381e-01,9.959903685981646992e-01,-4.932194494114599398e-02,4.373237111987511583e-03,7.450775935482917278e-02
1520531488151231538,1.139577237805114440e-02,-4.900806502966906925e-02,2.686940824211633272e-01,9.005590402293197627e-01,-4.764257099260572892e-02,4.219914538643871338e-01,9.298824310568455653e-02
1520531488501388573,1.545070126056148109e-02,-5.753103684912217602e-02,2.640625631505815196e-01,9.893684206638894141e-01,-1.863274648761861080e-02,1.252988246504080361e-01,7.143635973785088245e-02
1520531488851337538,5.011974153525405699e-03,-6.152509347218950569e-02,2.505682557398821730e-01,9.296583703381310348e-01,6.523987650018750473e-02,-3.624214638276746503e-01,-1.139102855304446188e-02
1520531489201348538,-6.420101579296868394e-03,-6.706350854497881986e-02,2.555764374398046268e-01,9.985259691399113180e-01,-2.517194339838558365e-02,-3.524023048417390669e-02,-3.271679040144093858e-02
1520531489551565819,1.411221675977178793e-03,-2.409072315990196458e-02,3.355509225117319638e-01,9.190341214942743253e-01,-3.941284020758920037e-01,-6.005241769092298232e-03,-1.738757500722248016e-03
1520531489901151942,2.586542059784606787e-03,-6.046318352181037636e-02,2.841915637016428353e-01,9.938864511364090548e-01,-1.057545225402652250e-01,-2.263672918423050018e-02,2.220994600612196529e-02
1520531490251119573,-2.057987319974817486e-02,-8.455368110073654964e-02,1.797791259571354106e-01,9.887361040352079522e-01,1.442605391608885457e-01,8.375505621782405180e-03,-3.898287218597275977e-02
1520531490601902433,4.908383753919520233e-03,-1.902837573793953602e-02,2.471008955736301305e-01,9.353903622182755395e-01,-2.509419285026723290e-02,-1.019890224145346934e-02,3.525778412598079004e-01
1520531490951423591,2.725370102605205111e-02,-2.789564533108765745e-02,2.461226113116701808e-01,9.668117148152175488e-01,-4.161584397862299819e-03,-1.990477504109007881e-02,2.546793851922874441e-01
1520531491301369187,-1.820109924595443920e-02,-5.320242348665286947e-02,2.707320302040835958e-01,9.711099858205102242e-01,-1.963843336827473529e-01,-2.708762603801056698e-02,-1.328339167505677987e-01
1520531491651380187,-9.907193285821130554e-03,2.121347948550561871e-02,3.500704949182038006e-01,8.739754577609676334e-01,-4.843335081105598072e-01,-3.360726863955129651e-02,-2.141269827496619302e-02
1520531492001164942,-4.034834702653380956e-03,-5.296153562189229169e-02,2.668276634493755850e-01,9.981703977289915208e-01,-5.568957389048121570e-02,-2.006310500209296591e-02,1.232883916346078600e-02
1520531492351180030,-1.845873656581182090e-02,-6.850786363569184856e-02,2.171600969233482836e-01,9.920465491136720715e-01,-3.991217307948845706e-04,-2.209177364517420084e-02,-1.239170635171334967e-01
1520531492701576626,-4.290486753878505755e-02,-3.029373746173232365e-02,2.365715268984015796e-01,9.063112193043193487e-01,-5.180827513682177698e-02,-6.476515656954802587e-03,-4.193732599193832344e-01
1520531493051442363,-2.883221673847939648e-02,-4.031646121847030223e-02,2.393100374430039701e-01,9.969544728084067664e-01,-1.754814362019516821e-02,-4.079304158849200029e-02,-6.410748443634656235e-02
1520531493401426345,3.022051628567137566e-03,-3.890275619582306971e-02,2.454544711057244089e-01,9.717851229579355099e-01,-5.052408586113292521e-02,2.102288019427726584e-01,9.425944185721431279e-02
1520531493751524293,9.740249650178566670e-03,-4.140842032086665403e-02,2.381506283095714271e-01,9.007323020303653616e-01,-2.583759005195552898e-03,4.195913593804103670e-01,1.123286935817422033e-01
1520531494101535293,1.934377072904873906e-03,-5.857391838439348491e-02,2.075049566835648340e-01,9.976738418709636402e-01,1.978843068014602899e-02,-1.156400898310333547e-02,6.419966474902558118e-02
1520531494451634644,8.743622234136882998e-03,-3.136641194670791721e-02,1.834768823355704681e-01,9.975586400300168188e-01,-6.815823355947264739e-02,-1.440232833122511748e-02,-4.877277740248776514e-03
1520531495201401293,5.217605637111300682e-02,4.322486045866993226e-02,1.187756945723019014e-01,9.932244980190190198e-01,-1.083197182093618288e-01,-4.209220027439628670e-02,4.264480887064845478e-04
1520531496901485801,5.732632698843462271e-02,-9.084753026495939743e-02,7.800440140773745590e-02,9.961095354981438499e-01,-8.047266354211732309e-02,-2.767680359269193702e-02,-2.288969757338212008e-02
1520531497251521942,1.101973113147820121e-02,-1.890206248164447433e-01,8.679791782904265618e-02,9.949580961983911509e-01,-8.086731583750135510e-02,-3.131324483981764301e-02,-5.038198821118945736e-02
1520531497601587889,-4.396532379842289784e-02,-2.552255051993655988e-01,7.141270668288884904e-02,9.936595567418687880e-01,-6.262144265012675737e-02,-3.941547153373346074e-02,-8.465022634194865891e-02
1520531497951618310,-1.097554631268078673e-01,-3.294705483796400158e-01,5.189300518964753278e-02,9.867408645318647142e-01,-4.818793945833717979e-02,-5.348090113454630201e-02,-1.454653978357217936e-01
1520531498301757030,-1.959222283988225344e-01,-4.415049582439037335e-01,5.388958212193474540e-02,9.706327192455000974e-01,-6.002181959670106759e-02,-3.475909954278665059e-02,-2.303504080772639517e-01
1520531498651851415,-2.872535343300876010e-01,-5.529255046982766153e-01,7.873664777482103361e-02,9.466714909346697349e-01,-8.796141969076538836e-02,-1.224618304320141543e-02,-3.097190790028717666e-01
1520531499151879187,-4.700237208351221718e-01,-6.363451681627069201e-01,6.231252033065996093e-02,9.042326625796490713e-01,-7.455009843353910259e-02,-4.662178957020816222e-03,-4.204567026877333857e-01
1520531499502082117,-6.562749980649721371e-01,-6.927097709944020076e-01,6.431741962963231918e-02,8.805943611975958207e-01,-6.814760055363724978e-02,-3.090785548500222385e-02,-4.679254000747324338e-01
1520531499902256644,-8.313509211261035370e-01,-7.037975282979509473e-01,5.841680745606072506e-02,8.393647190627187005e-01,-6.774285877869998251e-02,-3.342170162502595271e-02,-5.382943092191669887e-01
1520531500352280538,-1.050584692621824079e+00,-7.126062324696827988e-01,3.479450426338957097e-02,7.753387389729324841e-01,-5.950763818672988315e-02,-3.409993446846091431e-02,-6.278103816555973271e-01
1520531500702181082,-1.228697588300537769e+00,-7.199955569799711963e-01,6.060732207643263619e-02,7.178882188157185151e-01,-6.450602955206079236e-02,-1.399221995744458907e-02,-6.930221462678421984e-01
1520531501152113889,-1.417758967518933488e+00,-6.606001785270756432e-01,3.391491612732910887e-02,6.592681189485016802e-01,-4.543099581553509958e-02,-2.715499858199547922e-02,-7.500427841192294220e-01
1520531501502251696,-1.608671450871254294e+00,-5.711839511167801087e-01,3.934392358364640491e-02,6.435601305297363739e-01,-4.487040057474000337e-02,-4.401975891328569618e-02,-7.628101116070942211e-01
1520531501852262696,-1.736576729976843980e+00,-4.528400183620087116e-01,3.404731304113629842e-02,5.818695169864220862e-01,-5.666825401791031336e-02,-4.218282182875370684e-02,-8.102081113708459181e-01
1520531502202460714,-1.848552826052282994e+00,-2.846583866482421121e-01,8.721644733511568076e-03,4.801773106033720429e-01,-5.550589282220637355e-02,-4.380373485529485272e-02,-8.743169214057622263e-01
1520531502552698731,-1.945831038490208220e+00,-8.626118133875038119e-02,3.549018602788604065e-02,3.560930371098591785e-01,-5.448427872431119839e-02,-2.559142948296804984e-02,-9.325096734247780850e-01
1520531502902444187,-1.929080261141688402e+00,1.325043736438407393e-01,2.767957144078878398e-02,2.037136034352998726e-01,-5.679997257909751712e-02,-1.494081285277060189e-02,-9.772672628312675247e-01
1520531503251954135,-1.845796764261151690e+00,3.784456328429862126e-01,3.306074761450782107e-02,9.413319008199100280e-02,-7.384403379535769973e-02,-4.891374295031240306e-03,-9.928051549298703149e-01
1520531503601780363,-1.669755217257256064e+00,5.663999881771617506e-01,1.419002536757972728e-02,-9.066467345533980871e-02,-8.576934760257277912e-02,4.676765264330178667e-03,-9.921701788835058933e-01
1520531503951861538,-1.423475804958340252e+00,6.733316143307840340e-01,-8.354114348556321984e-03,-3.189803370226984014e-01,-8.972492540587741205e-02,-1.172423653280571260e-03,-9.435038991846154133e-01
1520531504301872538,-1.168307088461303822e+00,5.672800293728864629e-01,-1.693755774701556291e-02,-5.819963948810619181e-01,-8.906285887846805693e-02,1.756363974032605288e-02,-8.081086078448324050e-01
1520531504652026065,-9.631139765229820293e-01,3.625568116087962145e-01,-2.749653762159071091e-02,-7.280967303676765257e-01,-1.010890985876620740e-01,4.119319111824847751e-02,-6.767268772408322475e-01
1520531505002330959,-8.386350910600466335e-01,1.287324509343665269e-01,-3.277708485332959942e-02,-8.464373800431321815e-01,-8.456953876704763340e-02,4.210268021764149854e-02,-5.240411425612859775e-01
1520531505352268275,-7.015086308397205928e-01,-9.316481204649981751e-02,-3.304636090568961043e-02,-9.151302205917117849e-01,-4.367969849281464617e-02,3.101638571363403429e-02,-3.995832167604199681e-01
1520531505702123047,-5.337750079085908927e-01,-2.785994976130766188e-01,1.840203657146920538e-03,-9.395607473540891208e-01,1.065585690429184974e-02,3.039539465098649307e-02,-3.408638653906743143e-01
1520531506102070012,-2.781818068797135557e-01,-4.920768525016662731e-01,1.330136720318930016e-02,-9.201696573683048053e-01,2.955454242143000509e-02,2.012113656831139574e-02,-3.898839193197840558e-01
1520531506452135187,-3.585959723461604187e-02,-6.355721788169985675e-01,5.008345941683513269e-02,-8.802732658854426351e-01,5.307742866557557671e-02,-2.321414775380679571e-02,-4.709170492535730834e-01
1520531506802060380,2.362263075711688032e-01,-7.093927114536361378e-01,7.062368980888769632e-02,-8.220886281451432742e-01,9.458203445043100732e-02,-4.647098481635507372e-02,-5.595220941159088079e-01
1520531507152070380,4.966346858607563197e-01,-7.008766540344661955e-01,1.062588415043228401e-01,-7.382636749567785817e-01,1.627373261235501023e-01,-7.485282578579852131e-02,-6.502925214065975457e-01
1520531507502010223,7.388714287191050500e-01,-6.301244112087575067e-01,9.868479877075639339e-02,-6.238457028934593085e-01,2.230123028810660768e-01,-6.488348377293252922e-02,-7.462386918932421009e-01
1520531507852085854,9.066854698930242318e-01,-4.957628573670980754e-01,9.376237070672538421e-02,-4.768976637045592160e-01,2.407967959488279408e-01,-5.933781787130639612e-02,-8.432464318241634782e-01
1520531508202384994,1.020251209540703474e+00,-3.016801609936433648e-01,5.121441297957745470e-02,-3.630083518209410443e-01,2.455388216770305887e-01,-4.755386706097707028e-02,-8.975935902652415477e-01
1520531508552462170,1.061947014381934284e+00,-6.500432797606421620e-02,3.822009672904988498e-02,-2.584354919326595779e-01,2.228784710030178307e-01,-1.658191542886349248e-02,-9.398198357949205661e-01
1520531508902188468,9.696762558168799950e-01,1.895832389680338625e-01,-2.754295751346091253e-02,-1.025182523562246650e-01,1.681278751393868176e-01,-2.213279410153438237e-02,-9.801699673833101922e-01
1520531509252034819,7.397729928010454703e-01,3.633343455435357749e-01,-5.541872093302082497e-02,9.303158197244826288e-02,1.091126618434243439e-01,-1.763342977443129941e-02,-9.895092793579737256e-01
1520531509602045819,4.735368306345297817e-01,4.102626240971994909e-01,-4.673843910365713117e-02,3.182411572708395697e-01,5.313096110418201456e-02,-3.400574893309795538e-02,-9.459087037502942330e-01
1520531509952160415,3.319646165882785271e-01,4.958506528910822109e-01,1.329431116795023737e-01,4.547790872976721355e-01,-3.343726374751455205e-02,1.708701223833355683e-03,-8.899747251972403017e-01
1520531510302209082,3.522675601557005987e-01,7.390685521212622122e-01,2.831618617087779399e-01,5.254447440544631753e-01,-4.635661415070932434e-02,1.589344318934777373e-02,-8.494152598897719564e-01
1520531510652077696,3.608041983455163582e-01,1.076539929338813817e+00,2.024735292178673485e-01,5.028161411011603521e-01,5.524822878120804609e-02,-2.430413125917141315e-02,-8.622835210465373823e-01
1520531511002246310,2.231321269067310653e-01,1.261051396358485732e+00,-3.383184699492426672e-02,5.016470002255963845e-01,1.253803924135616921e-01,-8.182989677438064213e-02,-8.520175540191505803e-01
1520531511352963345,-5.112260609709786546e-02,1.196657452902869290e+00,-2.043469525395225916e-01,5.386197142681380390e-01,1.312466395478185388e-01,-5.481138101925173145e-02,-8.304570040163891109e-01
1520531511702879556,-3.265085872819519230e-01,9.635208354336323167e-01,-1.672262907132407439e-01,6.941420691832341783e-01,8.192453150507256199e-02,-6.967913447713565411e-02,-7.117583699165117572e-01
1520531512052889556,-5.926913213385591739e-01,8.732308451394205084e-01,1.275368355158604805e-01,7.951559576588280720e-01,-3.595530532100210674e-02,-3.504351716548905621e-02,-6.043229028620524801e-01
1520531512402749187,-8.480559117176547090e-01,1.008788934955628269e+00,3.316750406856299738e-01,8.028638844442311795e-01,-7.734860103448194801e-02,2.292418427696430935e-02,-5.906786425361634230e-01
1520531512752559907,-1.144606546749498133e+00,1.224970933897820524e+00,2.621362067976888977e-01,7.352874999733874928e-01,-1.384840639425207083e-02,1.117076459929138704e-02,-6.775217546628983234e-01
1520531513102465082,-1.384457943723230278e+00,1.368366265224707057e+00,-2.013943166522907089e-04,6.946852173383144535e-01,4.729450478228115068e-02,-2.629993259212452805e-02,-7.172753949318680933e-01
1520531513452679100,-1.535347557073724944e+00,1.233354714856882861e+00,-2.304167754593679229e-01,7.808892331684590404e-01,1.062104630420206280e-01,-1.423424441649300508e-02,-6.154093997883580691e-01
1520531513803025819,-1.477151827172576537e+00,8.347260750891088987e-01,-3.239797893316216371e-01,9.285837034201777085e-01,1.463065309425118921e-01,-1.291447704180858497e-02,-3.408224186123498534e-01
1520531514152778363,-1.381560098265077530e+00,4.948434002019694855e-01,-7.104760188616371375e-02,9.943358068188140608e-01,2.136066435280100165e-02,-4.060303103929732704e-02,-9.587188934618298686e-02
1520531514502788363,-1.496248346729649681e+00,2.824886647829403796e-01,2.396994902877021272e-01,9.934420738275457907e-01,-8.512502493096547884e-02,-7.602387109644359597e-02,6.851795621514739781e-03
1520531514902216398,-1.799969714921435537e+00,6.036152579385332950e-02,2.763123113735780900e-01,9.976671778490486808e-01,-5.651039619409153197e-02,-3.090990469846074951e-02,-2.261316333982260618e-02
1520531515252072924,-1.930915681143347440e+00,-1.633342293835549630e-01,3.314892693567533799e-02,9.969116864975177128e-01,1.455456154378976033e-02,2.002253844289578893e-02,-7.452752523226530146e-02
1520531515602291503,-1.780056558851127013e+00,-3.506790631022885241e-01,-1.737013121816306516e-01,9.970386823659529441e-01,3.281322149583724285e-02,6.629763464705566711e-02,2.101861083029353539e-02
1520531515953032468,-1.390802534713364347e+00,-4.195287970794873145e-01,-3.153831555591625202e-01,9.516154935717799912e-01,1.016266250318607900e-01,5.387764619744639383e-02,2.849511900641830686e-01
1520531516303043679,-1.014510826715863123e+00,-3.425536142618871294e-01,-1.230358827184591525e-01,8.291778190653841252e-01,8.010922434304661166e-02,-1.780766150791135774e-02,5.529281542268835725e-01
1520531516652640363,-7.664008030534220639e-01,-3.961637319172937044e-01,2.305240508263753096e-01,7.364105661394390046e-01,-8.248760966581229065e-03,-6.598295008750196255e-02,6.732590038896305584e-01
1520531517002651363,-6.357835842246601921e-01,-6.700428364340191845e-01,4.235421586863621357e-01,7.566068342511589329e-01,-6.791517405145224007e-02,-1.026963437028440007e-01,6.421737214244036540e-01
1520531517352376942,-4.430269320045743808e-01,-1.005496801350695524e+00,2.504162410040435272e-01,8.236258728745591284e-01,-4.481025958255068636e-02,-4.368809065728967295e-02,5.636699503277475820e-01
1520531517702485696,-2.492084272672761280e-01,-1.052236082106321469e+00,-9.106514690879342899e-02,8.051318178973685402e-01,-1.845718975927997108e-02,5.918225567083507110e-02,5.898470552348127338e-01
1520531518052634328,-7.279847235186494292e-02,-7.301213787810367783e-01,-3.027671133347915600e-01,6.518725656062351881e-01,7.734738379061481539e-02,1.168124533140384863e-01,7.452747085346768108e-01
1520531518403027924,2.743446288146461978e-02,-3.602054050968240273e-01,-1.847050933446168219e-01,3.916145951230163846e-01,5.777923641017419787e-02,8.789702374822072617e-02,9.140971950195986295e-01
1520531518752968380,2.113239668536952554e-01,-2.046133083948881437e-01,1.543452712452339781e-01,2.565942916020507725e-01,3.647033250205064525e-02,-3.989401921431003778e-02,9.650066070216100078e-01
1520531519102978117,5.149619895025260297e-01,-2.524471337028115214e-01,3.831379202514328952e-01,2.450875115362581291e-01,1.025489743693618234e-02,-1.120438070323641899e-01,9.629502240890839282e-01
1520531519452989117,9.041601362235907047e-01,-2.831223807024799144e-01,3.049485333417437105e-01,3.699145875004637429e-01,-3.377259353524533075e-02,-4.679658825665237304e-02,9.272716372281653019e-01
1520531519803242521,1.165276720409021083e+00,-2.123368112048092393e-01,3.921847285599971977e-02,4.056488607815977310e-01,-2.501267200517310468e-02,5.477936629491383588e-03,9.136702688585399690e-01
1520531520153006696,1.198136017370934558e+00,2.773969262814615644e-02,-2.064659260530005702e-01,2.986804618917608956e-01,-7.708181128578542492e-03,8.419706134754328941e-02,9.506005577992533428e-01
1520531520502757556,9.183131627397795871e-01,2.982984362614153340e-01,-2.712071664232413859e-01,7.607672462344969603e-04,-2.963301679245447171e-02,1.223833878430492517e-01,9.920401261688123196e-01
1520531520852789819,6.311829914987557855e-01,5.133736498359873224e-01,-4.574338482268005407e-02,-2.429190207290171100e-01,6.079041111406873615e-03,5.679008491342014964e-02,9.683637131175184543e-01
1520531521202553451,5.679912414601944182e-01,7.284400642062757170e-01,2.668789596654436158e-01,-3.468839408241849442e-01,8.023691875714672461e-02,-3.323142273468047969e-02,9.338786007879564810e-01
1520531521552299749,6.602870505879611107e-01,1.024900761632686397e+00,3.600540684776166733e-01,-3.643051421216830232e-01,5.669510648077689258e-02,-7.118047058519620662e-02,9.268229436802392085e-01
1520531521902310749,6.397459685815762853e-01,1.319033188316503846e+00,9.769661516710217986e-02,-2.674425687938923879e-01,-3.011287091401529739e-02,3.073162672831700453e-03,9.630982520352876497e-01
1520531522252550661,4.005531828348607437e-01,1.399356678296121759e+00,-1.400872448609590537e-01,-2.304498287385076671e-01,-4.413295678970543395e-02,6.411548138466102720e-02,9.699661662172571752e-01
1520531522603761451,4.118780358033871658e-02,1.287482294407866767e+00,-2.015812366447279902e-01,-3.131816327142424305e-01,-4.572791252766006398e-02,8.097112782642264250e-02,9.451295675222637360e-01
1520531522953786766,-2.247602400136239631e-01,1.114409692228431004e+00,-3.657296575913138344e-03,-6.422666478243774790e-01,-8.261320807569834390e-02,3.160351692871839896e-02,7.613605116248246540e-01
1520531523303175152,-3.761260568644048674e-01,1.011001441639820753e+00,2.079236544033984113e-01,-9.146442967881709407e-01,-5.913264197609378880e-02,-3.525280100217809826e-02,3.983545920750763969e-01
1520531523653062012,-6.472426969602903535e-01,1.123608735596693275e+00,3.601622854712688837e-01,-9.632481889129870245e-01,1.561511277165546219e-02,-1.475542580092568598e-02,2.677524457748471365e-01
1520531524003109152,-1.051697415786432721e+00,1.291152914985653544e+00,2.282935274337602183e-01,-8.145645980988310830e-01,7.496215916966729453e-02,7.860398700556847640e-02,5.698127792911806822e-01
1520531524353121152,-1.343011411711598990e+00,1.293239297442816182e+00,1.257168090269567863e-02,-6.237773061153026877e-01,2.980611782345617480e-02,1.091164609480391595e-01,7.733738201322859496e-01
1520531524702989749,-1.497647205880566768e+00,1.008094890827358814e+00,-1.062021864202888494e-01,-6.381321871808972590e-01,-4.003678280208563048e-03,-4.532925073522598575e-02,7.685808618953088311e-01
1520531525052944959,-1.448572553392307061e+00,6.276899648879216143e-01,-9.210682985234858525e-03,-9.087295113308567762e-01,-4.573783246795300184e-02,-3.626951662943470045e-02,4.132834960181485107e-01
1520531525402918345,-1.422108109224290651e+00,4.510424716488565799e-01,2.347757570851403686e-01,-9.962222808657263950e-01,1.562137350741462510e-02,-2.655306151258750996e-02,-8.119159267276612746e-02
1520531525752621696,-1.576595455693148073e+00,3.140926816628316076e-01,3.882798424444613428e-01,-9.496340335138835353e-01,4.787902547957147842e-02,2.606645676452735982e-02,-3.085827946322058923e-01
1520531526102544152,-1.761770008687556288e+00,3.613386045323418311e-02,3.129690679108412255e-01,-9.936761065596749765e-01,5.735752500439691287e-02,9.505527626682244713e-02,1.680488118415922327e-02
1520531526452476258,-1.760060665735134089e+00,-2.097683614570018951e-01,8.806979171102487236e-02,-9.566540311907713035e-01,3.445233542333221710e-02,4.414197994438812805e-02,2.857929089339239503e-01
1520531526802487258,-1.484890198601230171e+00,-3.563879172489816116e-01,-1.643104386973996134e-01,-9.913960476848316938e-01,-4.682272134188019547e-03,-6.770071639284026832e-02,1.119310768395120892e-01
1520531527152812854,-1.116343814545728952e+00,-2.775251518884245261e-01,-1.191820316523707346e-01,-8.833520415735923725e-01,-6.707809019685929963e-02,-5.577970176155278709e-02,-4.605196253523846095e-01
1520531527503237187,-8.633555239958086158e-01,-2.625095361649665837e-01,1.264750648366310404e-01,-5.898027328003764280e-01,-9.552455437946012198e-04,-3.617318303406516066e-03,-8.075386918875470110e-01
1520531527853143819,-6.591209598940872549e-01,-4.672697007186875084e-01,3.445386524089628089e-01,-6.261760802607023724e-01,5.505118330845827634e-02,7.147711597667358308e-02,-7.744442559780131408e-01
1520531528203051275,-4.334418352400435936e-01,-7.262718433196116985e-01,3.282500815375786196e-01,-8.646269405960156362e-01,3.642731843127305913e-02,1.289991190935202148e-01,-4.842029856791225662e-01
1520531528552907363,-1.630699708215533894e-01,-7.732362272962207683e-01,9.956713754438363539e-02,-9.473323332863499147e-01,5.436682371142518427e-02,6.274065958049135361e-02,-3.093045561015482225e-01
1520531528903011223,9.085203681066769676e-02,-5.581019642421510829e-01,-1.690470277530445320e-01,-8.166980149098536090e-01,-1.922872867755008250e-02,-7.273124574117945107e-02,-5.721405197402872345e-01
1520531529253022223,1.761334824594200932e-01,-2.764603654183495629e-01,-1.488621925567527038e-01,-3.626702576021748614e-01,-5.547258231649365712e-02,-6.894287242840087260e-02,-9.277068271836924618e-01
1520531529603178608,2.995706590662425284e-01,-2.135551299047952489e-01,1.137130133753010003e-01,3.379969494192379409e-02,-2.401766296130132192e-02,-3.467433312942266865e-02,-9.985381430419871807e-01
1520531529953158100,6.093659667767865606e-01,-1.806100705664284156e-01,2.915676424202710559e-01,-1.149814423413909187e-01,-1.734226899202507416e-02,5.577869156582696691e-02,-9.916487539398747275e-01
1520531530303410994,9.562765629552532065e-01,-1.183747802518562431e-01,2.622270855529881262e-01,-5.574215457478530755e-01,1.211185511759705659e-02,8.051893453662734013e-02,-8.262271022441535218e-01
1520531530653178556,1.134021626758035639e+00,4.926640383897673559e-02,-1.749356487077308869e-02,-6.004378246403236918e-01,7.828822429134238425e-02,5.740160748983792749e-02,-7.937571594235146577e-01
1520531531002994205,1.037246216066530780e+00,3.292200514365420938e-01,-2.065172508339805368e-01,-1.869039223361431412e-01,5.164705336868771063e-02,-4.276907196590345323e-02,-9.800868901158061863e-01
1520531531352873608,7.788531549307055046e-01,5.194916776916286283e-01,-1.414870637708056378e-01,3.745083758090855808e-01,1.518002061828498638e-02,-6.567786737097124072e-02,-9.247699503987305558e-01
1520531531702884608,6.603501154723353528e-01,7.101711582136356338e-01,1.477518100729011130e-01,5.560979392461240511e-01,3.528765445748853480e-02,-1.304474966891830401e-02,-8.302648360102806713e-01
1520531532053064521,6.777385936429337621e-01,1.011861901911909500e+00,3.233190661095175500e-01,2.086164237524796294e-01,-3.281932592850226454e-02,1.049801827528051151e-01,-9.717927972646804857e-01
1520531532402756433,6.090418736035596581e-01,1.230376026924928645e+00,1.341780943087302891e-01,-3.928910330874917090e-02,-5.711846792825464592e-02,6.611566936591484200e-02,-9.954007058702643018e-01
1520531532752794591,2.774828920530644227e-01,1.210330057530674575e+00,-1.632375805222928133e-01,2.416070803180698223e-01,1.083058822710448454e-01,-2.734314179685811905e-02,-9.639233409365837169e-01
1520531533103934924,-4.370708669802603197e-03,9.661462674020712127e-01,-1.693970750730686703e-01,7.452506013671370555e-01,2.104724538699743186e-01,-5.610778986089167558e-02,-6.302021923484543153e-01
1520531533453871117,-1.799795815756742579e-01,8.318044466500569278e-01,2.617348640666898249e-02,8.870741735605577327e-01,3.401207856056106538e-01,-6.603712733779154576e-02,-3.050514048711267523e-01
1520531533803774468,-4.015582487854356675e-01,8.593980258159670260e-01,2.863315749477416960e-01,9.861872526166708397e-01,-2.263026949699594934e-02,-7.747479314121599736e-02,-1.446382733117405617e-01
1520531534153784468,-7.290262252903501050e-01,9.058097774525540880e-01,3.070548672082608621e-01,9.016920444023768244e-01,-1.574297602955846420e-01,-3.121614095446751391e-01,-2.544063325190996094e-01
1520531534503120661,-1.077873831205569788e+00,9.620957429945491413e-01,1.961019184398812565e-01,7.312121270100218062e-01,-6.569324553648236975e-02,-3.151433970297711218e-01,-6.014132207666367247e-01
1520531534853632503,-1.394188616606792719e+00,9.550719203799218349e-01,2.248219337646834293e-01,6.216709035277749873e-01,1.077426094806429591e-01,2.181691217326924004e-01,-7.445260587324310508e-01
1520531535203104766,-1.497440480425498821e+00,6.569281957456525323e-01,1.999301059938507763e-01,7.641614993229838282e-01,1.641931182536295053e-01,4.939039709758252239e-01,-3.809943442164334115e-01
1520531535553049749,-1.357338061920917216e+00,3.473989736548531715e-01,4.251857042937349368e-02,9.282446451822804478e-01,1.430599474422794004e-01,3.367300283877566192e-01,6.714624420036527375e-02
1520531535903406644,-1.138522786307595291e+00,2.250525472536970273e-01,1.314686932285779805e-02,8.837253408179237546e-01,1.454544642389682674e-01,2.564108443278229066e-02,4.440890176736082551e-01
1520531536253253766,-1.097712137242244479e+00,8.115569076043184504e-02,1.774226932623111097e-01,7.903550129536356383e-01,1.168516728279671846e-01,-2.014924720214641696e-01,5.666440009168400849e-01
1520531536603264766,-1.156698292603139500e+00,-2.376643783692900247e-01,1.766826297657303757e-01,8.297528429356710866e-01,1.624414812929250163e-01,-3.524248197182762721e-01,4.011480166248769796e-01
1520531536952940047,-1.219626230825020086e+00,-5.799715863359768964e-01,7.021446605435585631e-02,9.749487284959623690e-01,1.200471381784525282e-01,-1.441077118303899229e-01,1.195685109478218100e-01
1520531537303441661,-1.076737158727811172e+00,-7.664406934920211523e-01,2.016664217186965036e-01,9.530932128271538684e-01,-2.252138818700007428e-01,1.728934104165881780e-01,1.048804257732603440e-01
1520531537653206889,-6.938206873495575966e-01,-7.076038556811028446e-01,2.386911511475649228e-01,7.170243310436900108e-01,-4.550846559769354815e-01,1.858936516019883689e-01,4.941837865407786023e-01
1520531538002842591,-4.470628736367363576e-01,-4.476683084154887693e-01,7.745520246420047050e-02,4.058960818465245923e-01,-2.056098144351325707e-01,-6.851426670400173613e-02,8.878506463407022098e-01
1520531538353309170,-3.530173282092057274e-01,-2.287969106383083429e-01,-8.475449483290493913e-03,1.934872963369666521e-01,2.552992726126816492e-01,-1.056156454487123808e-01,9.413980470534759615e-01
1520531538703343889,-1.828970826441599085e-01,-1.373791409283064979e-01,9.773141876750673918e-02,6.743508275381057682e-02,5.478369849828425009e-01,-6.035634325458717059e-02,8.316755733624919822e-01
1520531539053354889,2.256920119541083736e-01,-2.206741274989269808e-01,1.025041883362662054e-01,3.378195441269730148e-01,5.676959697133545646e-01,-1.270059022458160658e-01,7.399113070982118456e-01
1520531539403597679,6.254558464652310024e-01,-4.197059984003456146e-01,5.048539788853603424e-03,7.094086005851687471e-01,3.088873424258488654e-01,-1.072409922398274706e-01,6.243616073144682144e-01
1520531539753952521,9.027837582613760237e-01,-4.783789617236943181e-01,1.454243742653094917e-01,8.062842641598607640e-01,-5.833197313739345302e-02,-2.475877759979885906e-02,5.881241953957123680e-01
1520531540103346889,1.105158424248606552e+00,-1.645742542208236403e-01,2.864583349418011737e-01,6.451525098608349440e-01,-3.375927732247788193e-01,-3.350538570535578761e-04,6.854263244328899773e-01
1520531540453160012,1.094379063036990951e+00,3.275633057163703232e-01,2.037951706747363756e-01,3.305821189314737119e-01,-4.269019862151529066e-01,-1.662079982557675487e-02,8.415425751686557154e-01
1520531540802945942,7.931333122458226192e-01,6.586023176370641163e-01,-1.280830273855727321e-02,-5.372721708160596576e-02,-2.692560478810964719e-01,3.417078307891968647e-02,9.609614583363331741e-01
1520531541153305152,4.425195904527701729e-01,6.700502854990673107e-01,-8.662692760554523141e-02,-4.359691683510975579e-01,1.392303690442767659e-02,2.154694022471741743e-01,8.736761241935456779e-01
1520531541503316152,2.939942003998523568e-01,6.565714009028773557e-01,9.702891601008047096e-02,-6.569385227930480964e-01,2.532890681078343031e-01,3.292755458267516144e-01,6.291693255142432051e-01
1520531541853943924,2.197552951376325892e-01,9.083697059590561951e-01,2.028319977689106712e-01,-5.862661042604970785e-01,3.594847908881803611e-01,4.043314754504546693e-01,6.029749564246923432e-01
1520531542203602801,1.503759376910563939e-01,1.307290694402853282e+00,7.733896289351484266e-02,-3.410281714319937096e-01,2.219622790512043031e-01,2.785305519410898323e-01,8.699731401621190185e-01
1520531542554108030,9.800739455003704137e-02,1.552945464666263709e+00,1.630467201295964508e-01,-1.996215290114340402e-01,1.582363827002516640e-02,-2.476819345143480358e-02,9.794321794898251943e-01
1520531542904253065,-2.291403994823601464e-01,1.527299613227621977e+00,3.716071590106798661e-01,-3.178214472335312846e-01,5.166272089373468573e-02,-3.582049437582694451e-01,8.763616315285458480e-01
1520531543252769047,-6.442798525474188187e-01,1.266807632238357018e+00,2.696147541872163655e-01,-6.316168403098789685e-01,1.313721154420116055e-01,-2.697810829911014285e-01,7.148564202561267233e-01
1520531543603022644,-8.733094372213966450e-01,9.256381687064891839e-01,-5.139278952229583974e-02,-8.600103049310635628e-01,-4.244599608976420968e-02,4.725980681707935005e-02,5.063073409382282675e-01
1520531543953033644,-8.080463418466690140e-01,6.568586192494205722e-01,-1.943608188857846863e-01,-9.043881333387092658e-01,-3.145264625759636168e-01,2.260152866113714076e-01,1.790874055693356948e-01
1520531544303965626,-8.187232078328990914e-01,5.429914914924223179e-01,4.404725587839783407e-02,-9.384101268753146652e-01,-1.987131754983497423e-01,2.556976296487125655e-01,-1.204916173567600057e-01
1520531544654137819,-1.108243502883573983e+00,4.720592561901040818e-01,2.891579856940905691e-01,-9.398547108135363315e-01,1.705835326864863222e-01,2.875302943524981614e-01,-7.000507672567932160e-02
1520531545003090293,-1.567252643317011085e+00,3.528792896520824840e-01,1.345944868183081011e-01,-9.391460349921265660e-01,7.109709197881147746e-02,1.791004771398578832e-01,2.843816934315556155e-01
1520531545353264872,-1.968469739278614794e+00,3.980858703646286689e-01,-5.696339294810984916e-02,-8.458012978426755479e-01,-1.334046610728280569e-01,2.336723866077499226e-02,5.160206712226362846e-01
1520531545703932784,-2.139171412084354795e+00,2.317067756294302616e-01,1.911152645177688347e-01,-8.013744522379189217e-01,7.108944928101283700e-02,-2.962418541236733205e-01,5.147679490475938202e-01
1520531546052983766,-1.916726180369066945e+00,-1.415964722290851407e-01,2.766767284093111789e-01,-8.248857589523634903e-01,2.404553891876907989e-01,-4.516054375943096555e-01,2.404105222810169196e-01
1520531546402994766,-1.488860974872945331e+00,-3.695324970806782017e-01,4.565227965132036964e-02,-9.302825456384145042e-01,1.605603901677492840e-01,-3.038927704837247057e-01,-1.282338895823469382e-01
1520531546752916433,-1.069617681270692566e+00,-2.286358707339492258e-01,-1.652537375020648736e-01,-8.342640029708224825e-01,-1.828563417665172303e-02,-1.736605047595255191e-01,-5.229830188605785191e-01
1520531547103479451,-8.788624669695122016e-01,1.086980541395765436e-02,-1.509540994956034936e-02,-5.901963600646281671e-01,-1.728022495359061161e-01,9.163124811930333001e-04,-7.885472715653965015e-01
1520531547453868679,-6.699791222770455912e-01,-9.265607606520906425e-02,2.092400253744840788e-01,-5.058853060572201521e-01,-2.796571402638211024e-01,1.802078005477543154e-01,-7.958624816113617495e-01
1520531547803876030,-4.024654296020206967e-01,-4.180652200469099911e-01,6.511721254772105671e-02,-6.789067641060597680e-01,-3.781957731587896054e-01,1.067305362752388187e-01,-6.202113796458947892e-01
1520531548154131521,-2.855549310745872371e-01,-7.879852612513014165e-01,-1.233958954415843440e-01,-8.805168805819716393e-01,-2.572121296802298840e-01,-1.328640796883245045e-01,-3.753386200274747564e-01
1520531548504166872,-3.029613036435769430e-02,-8.948234966406625190e-01,1.440788157957655080e-01,-9.207138264818343076e-01,1.339292190168584196e-01,-1.875817438182194319e-01,-3.149001483086808495e-01
1520531548854177872,3.306985226757588880e-01,-6.365525570195859073e-01,2.713415872815782559e-01,-7.661724948243383571e-01,4.160976026481986167e-01,-1.207047073739771492e-01,-4.746291888019887328e-01
1520531549203271626,5.783800527974193306e-01,-2.179805691579753402e-01,5.177323673473002014e-02,-5.643801511790321745e-01,8.340074606382562317e-02,-4.971364499074309301e-02,-8.197852853112603810e-01
1520531549553243591,5.269422030139641056e-01,2.023874860608813886e-01,-1.229485941185091830e-01,-1.844271390865538374e-01,-2.826651195451346243e-01,-1.822032557659634677e-01,-9.235199154047337711e-01
1520531549904091994,3.902846311861554174e-01,4.087752918472006280e-01,9.181634388524348434e-02,1.995372448527837905e-01,-3.754976925383373132e-01,-1.726539386421257205e-01,-8.884689011362782995e-01
1520531550253745801,5.737374512453403685e-01,6.108324607226622849e-01,1.832097389819211664e-01,1.944336267565832665e-01,-4.466439907104470253e-01,-1.319413271765641771e-01,-8.633053900743435927e-01
1520531550603632240,8.893361435589361985e-01,7.968736977902044494e-01,-1.408853371535642371e-02,-1.623459369546629560e-01,-1.951310018903337495e-01,-1.644324296639014527e-01,-9.531682248849955297e-01
1520531550954454521,9.584653616289640077e-01,1.048386458576411773e+00,5.459011575759344786e-02,-2.175760115095255465e-01,1.787454394052669648e-01,-3.996494136516570012e-02,-9.587040995891817907e-01
1520531551304465521,5.843178881185930873e-01,1.245814464525750953e+00,1.224394989884289575e-01,6.313882646824786615e-02,3.752867841238424207e-01,2.097759482311610524e-01,-9.006483052767680908e-01
1520531551653550223,1.421538161057258054e-01,1.150179439234753520e+00,-7.410366720526129214e-02,4.057971598030503668e-01,2.739685456178973522e-01,1.143627112279217983e-01,-8.644021467976525930e-01
1520531552003687608,-1.013835270235840941e-01,8.195002857357576165e-01,-8.910695763395866387e-02,7.553609902462031789e-01,7.920899365251220237e-02,-8.921331088841540080e-02,-6.443575831005315946e-01
1520531552354129205,-2.697606262136735822e-01,7.864619631687290724e-01,1.126871261224600546e-01,8.627731665645584913e-01,-5.316772789893383505e-02,-1.835882950434755412e-01,-4.680715689819874847e-01
1520531552703951415,-5.642475978578674889e-01,9.831702936246153879e-01,8.275347268392258676e-03,7.559350520895018466e-01,4.206508771863059354e-02,-1.624794520147650467e-01,-6.327662705064546200e-01
1520531553054251538,-7.148825222470128748e-01,1.215811283621728744e+00,-5.029038038511048081e-02,5.259003243942117489e-01,1.133049118690579449e-01,-1.629166708628322358e-01,-8.270725506891033474e-01
1520531553404181994,-9.180861922444842893e-01,1.164433872184787555e+00,2.289821167349507802e-01,4.814506750185512662e-01,1.111279785272233263e-02,6.237887864405415594e-02,-8.741799750321305185e-01
1520531553754191994,-1.243768896000812196e+00,7.963454479439098233e-01,1.928704822673636687e-01,6.648464902732433846e-01,1.053960681071753995e-02,8.972588766033667840e-02,-7.414966797924251729e-01
1520531554103525240,-1.265058539648611591e+00,2.869312664942667013e-01,-1.584824926466873174e-01,7.922334967130431060e-01,1.227023941001702118e-01,-7.223410968937746257e-02,-5.933737798093999816e-01
1520531554453971749,-1.082455503441008604e+00,-1.663995226777396919e-01,-7.752515188641581623e-02,8.664060495536958229e-01,5.501292462318006088e-02,-1.363856673642233064e-01,-4.771929223686985355e-01
1520531554804304082,-7.565546978691413127e-01,-2.056932576801027701e-01,1.897054780189733336e-01,9.268708235958755814e-01,-1.198386508103164855e-01,-7.219599101430321242e-02,-3.483344843970074267e-01
1520531555153489187,-5.371993272100323846e-01,-1.302936594141225826e-02,-6.159451591906589529e-02,8.877044941271619027e-01,2.636898909583710454e-02,-1.180483907243455449e-01,-4.442409087059583372e-01
1520531555504012047,-2.755707818109391916e-01,4.467789819420218689e-01,-2.995448955145474379e-01,7.224164875693290799e-01,1.253791081117394401e-01,-1.583931637898009503e-01,-6.612912394715021458e-01
1520531555854023047,1.759954115705657518e-01,9.441101838199519314e-01,-3.163693242141750184e-01,4.835315494876673004e-01,1.383429662112695135e-01,-2.227228296407493813e-01,-8.351365190834015850e-01
1520531556204540924,5.396686791754702339e-01,1.219746414274748947e+00,-8.345736836173839324e-02,3.623812776444237382e-01,1.008002366554018869e-01,-9.578456510655802836e-02,-9.215988492779044750e-01
1520531556554766994,6.379104839889718770e-01,1.067560197115203113e+00,1.671397598327994671e-01,4.326865246274145260e-01,1.716543992663696269e-02,1.254313989185706392e-02,-9.012937305449474357e-01
1520531556903887837,6.174383704987322918e-01,7.416039828595600847e-01,1.435594079709650583e-01,5.758541914430774789e-01,1.189539324441550062e-02,-2.101900565446135349e-02,-8.171956015656827166e-01
1520531557253686135,6.417229917532616401e-01,3.005016220729878618e-01,-4.597158083043337978e-02,7.060221355919914510e-01,6.635476999690294309e-02,-3.386867667061462667e-02,-7.042603931028375008e-01
1520531557604025679,6.638525988244787790e-01,-2.537539696041680171e-01,-5.652234036138917284e-02,8.555128299653435020e-01,6.917997477023990482e-02,-6.883332630451907685e-02,-5.085016244274287445e-01
1520531557954000398,5.589354269740915981e-01,-4.832650004743866412e-01,2.303303212286789414e-01,9.158999091957643612e-01,-4.676087823652041314e-02,-6.886628628973373578e-02,-3.926808006694498254e-01
1520531558304012398,2.557951291021524076e-01,-3.328358359906305464e-01,3.322397065744387978e-01,8.937445609805981794e-01,-8.789664232790229959e-02,-4.005810247537984481e-02,-4.380527233235181339e-01
1520531558653641837,-1.713404223537267623e-01,3.100155496058259671e-02,6.290272729433438181e-02,7.473986478337717454e-01,1.406244611983690704e-02,-7.119639372976771519e-02,-6.604003197646500789e-01
1520531559003690170,-3.322951854614885070e-01,5.543919677071826868e-01,-1.069887859310046929e-01,5.076418780056975999e-01,6.594876640628646869e-02,-1.491461354697271868e-01,-8.459940390917559672e-01
1520531559354456538,-4.793937860069998891e-01,8.735154778992053615e-01,4.744796587636250507e-02,4.031052260070147053e-01,3.565819852223946207e-02,-5.905085043101766795e-02,-9.125500899716990633e-01
1520531559704057854,-8.281152100629811663e-01,8.300206946692200161e-01,2.969110488878635712e-01,4.587133174300958571e-01,-8.464897175818820313e-03,8.491759897375031341e-02,-8.844769297797497876e-01
1520531560053641977,-1.246824021099263824e+00,5.269558487048541240e-01,2.089284879464538558e-01,6.394898998956157765e-01,-5.760617918701214923e-03,5.112490077070126759e-02,-7.670760899245105957e-01
1520531560403948065,-1.450221818093656800e+00,5.607768885597656100e-02,-1.360851760175857128e-01,7.982889742129493094e-01,1.086475919581071231e-01,-1.075393399144491113e-01,-5.825510319126613323e-01
1520531560753959065,-1.371342254100242686e+00,-3.779666480285144847e-01,-1.484516509069619683e-01,8.829351822726737575e-01,2.156201930169887870e-01,-1.861814614770388177e-01,-3.731887721659254420e-01
1520531561105096380,-1.296961561356223758e+00,-5.078091179809033351e-01,5.429037144967943651e-02,8.729766983223531396e-01,1.439683693017561605e-01,-1.298258622864940370e-01,-4.475824374440587894e-01
1520531561455207661,-1.137586954201917688e+00,-4.048769675113654265e-01,1.760524515416893032e-01,8.118465291578832455e-01,-2.249886359766807287e-01,1.106769262103458051e-01,-5.272911385376022331e-01
1520531561803785679,-9.115686850221675908e-01,-2.389612346395378062e-01,7.729555539844362722e-02,7.970279894247359609e-01,-1.570504279478658893e-01,5.170894131772219536e-03,-5.831421859279548592e-01
1520531562153687714,-6.440607623588628927e-01,-6.892815561655411816e-02,-1.019697236772135751e-01,7.616921716163779221e-01,2.153516252611928639e-01,-2.014885973188384471e-01,-5.769324556186592456e-01
1520531562504980994,-3.895024873718175851e-01,7.408192121917153705e-02,3.313339134714896050e-02,7.983066023220405372e-01,-3.896705392927827388e-02,-4.593122620285092911e-02,-5.992315577943257976e-01
1520531562853879854,-6.970139144094016082e-02,2.540992403707039715e-01,1.221946735546854262e-01,7.486715193204522834e-01,-3.128255222646217359e-01,1.775307162999432142e-01,-5.568787961022590993e-01
1520531563203891854,1.869804009785986931e-01,4.127047371810863563e-01,-8.463275655200791503e-02,8.004134897406884885e-01,4.728987288244860393e-02,-8.069045127851472154e-02,-5.921072237664088966e-01
1520531563553692468,4.680898375375378007e-01,6.411977741370614714e-01,-2.530295293669014844e-01,6.659040224715976342e-01,2.270052737093836703e-01,-3.021974401471222982e-01,-6.432084776593047781e-01
1520531563904843661,6.088721419631137888e-01,1.049943921584845841e+00,-1.717687108258266482e-01,4.552788954646960207e-01,2.070635820857627818e-01,-1.363376155422465763e-01,-8.551361616178522196e-01
1520531564255042310,5.157336536934864490e-01,1.045924856378699142e+00,1.541557651331168788e-01,4.675039190036559544e-01,1.976497971531884223e-01,2.722667919418720328e-01,-8.174628049074820213e-01
1520531564603922854,4.568662769420481773e-01,5.529886627331745963e-01,4.775295579787595251e-02,7.698624273427550069e-01,1.676707533553761231e-01,2.939174609378005787e-01,-5.411200306688328521e-01
1520531564954041801,7.153209160508617881e-01,5.821293660971239153e-02,-1.550720272375289976e-01,9.672527466244444927e-01,1.621056589795305258e-01,-2.161769436704643384e-03,-1.952926169295267078e-01
1520531565304619942,8.027637426155017630e-01,-2.056437597457954625e-01,2.647525946629299826e-02,9.827819597086961956e-01,1.481018918750695709e-03,-1.839639878230139580e-01,1.716617133641207618e-02
1520531565654630942,4.088733001403775380e-01,-2.766338092458888176e-01,2.390559551325335819e-01,9.623066806967743858e-01,-1.486311263008168737e-01,-2.092427460046664689e-01,-8.995617724944440785e-02
1520531566003739837,-1.386625790569987193e-01,-1.352817021837731948e-01,-5.410638589746923077e-02,8.111166812743950683e-01,2.140908592241620029e-02,-2.108882712401496107e-01,-5.451215620865856870e-01
1520531566353864100,-2.999753295591018887e-01,3.790804214482498824e-01,-2.153637521944139210e-01,4.014763948815741057e-01,4.468745535307781791e-02,-2.351020312036948001e-01,-8.840513393524485064e-01
1520531566704913556,-1.828830056755934297e-01,7.508260108276106903e-01,-3.922843235611134932e-02,2.888345404043486317e-02,4.783737722914767343e-02,-1.122249448486910828e-01,-9.921103230872253542e-01
1520531567054637608,-5.163294614246199954e-01,8.247779970519590886e-01,2.346392899527921516e-01,1.165466296787069367e-01,7.987909457002925762e-02,1.202426154152291954e-01,-9.826382481866418050e-01
1520531567403628468,-1.133340460771617098e+00,5.586211116077089978e-01,7.943822397706602756e-02,4.483123875080969323e-01,1.006039357823034219e-01,8.552362336280343313e-02,-8.840704503368480571e-01
1520531567754099521,-1.327750221738733805e+00,-8.658869641817250329e-02,-4.538076611725139903e-02,8.334177589938374098e-01,7.554588399610807914e-02,-1.018869554371018733e-02,-5.473608032075866214e-01
1520531568104111521,-1.046380706968618401e+00,-4.397985601323644023e-01,2.673032644129832644e-02,9.916686267391668919e-01,-6.229674202927120786e-04,1.082164553828104600e-02,-1.283582433686753788e-01
1520531568454443205,-6.988831394546344278e-01,-3.225729594147647705e-01,1.316921724883054513e-02,9.738790927843683498e-01,2.372560785407591688e-02,2.345189889361285265e-02,2.246032426474164900e-01
1520531568804455398,-4.591795410389669096e-01,-1.579601029186672098e-02,1.356919979486421457e-01,8.796889371513063605e-01,1.359703909024890384e-02,-3.237617701249451835e-02,4.742512810142305857e-01
1520531569154129907,-4.457568426607032008e-01,4.500112635582015352e-02,3.659851317917896529e-01,8.774084666368980878e-01,-1.066941358824744501e-01,-1.524956695195698597e-01,4.421717028711331099e-01
1520531569503817345,-7.738118021787583345e-01,-2.362877123651840189e-02,1.256384161739289851e-01,9.921530218517476962e-01,-3.909522312969743868e-02,-1.021655673858583996e-01,6.054867132820043046e-02
1520531569853796065,-1.305650574276498110e+00,3.646324826130249996e-01,-1.727752195092921716e-01,9.181869378271633186e-01,8.311614952314526350e-02,-5.177279754806976553e-02,-3.838541784663412337e-01
1520531570204611749,-1.502065495060848521e+00,9.803046725003122797e-01,-1.834742072068811236e-01,6.191916773265585539e-01,1.070809467816171423e-01,-5.554679191757257856e-02,-7.759187402515429488e-01
1520531570554622749,-1.428551740236353007e+00,1.196297779119372073e+00,1.194792845026743516e-01,4.548853603273158019e-01,5.577474976622850272e-02,7.726477842678788899e-02,-8.854369770136448770e-01
1520531570904617608,-1.330896290090711309e+00,8.826251684833181788e-01,2.641222329399330326e-01,5.683725418826871545e-01,-2.090580202155646258e-02,1.844912841385316360e-01,-8.015476075396670286e-01
1520531571253951065,-1.022430886923770599e+00,3.741928336685813039e-01,-9.687298376568845293e-02,7.309775714444857186e-01,-2.724294073176548956e-03,2.764207841041429331e-02,-6.818359654404256842e-01
1520531571604129714,-2.771195084411169907e-01,-1.075303501401590062e-02,-3.534347205140547787e-01,8.755768731252906445e-01,1.213582181187066039e-01,-8.140567412038486605e-02,-4.604459125284933729e-01
1520531571954758679,4.544608741892741666e-01,-2.357669245630353572e-01,-2.348426337264636621e-01,9.607881938986229109e-01,8.438379640536466941e-02,-8.843230569495272309e-02,-2.488878234842249737e-01
1520531572304749398,7.850383690216619081e-01,-3.356239283657859174e-01,8.123525318793317629e-02,9.690713237887781384e-01,-6.164806739402865082e-02,-8.791242491020556660e-02,-2.221974138986639036e-01
1520531572654096749,7.746497360825942424e-01,-3.656818683290740529e-02,1.742287025645787579e-01,8.956498988472245681e-01,-1.198525458158931356e-01,-8.161278447653165513e-02,-4.204592481637109413e-01
1520531573004107749,8.319496419586938085e-01,5.650930076710605210e-01,-1.445241046796061912e-01,6.553134949958657751e-01,4.162433807553908571e-02,-1.029688620156280210e-01,-7.471472754492807233e-01
1520531573354212433,9.862723271377467071e-01,1.101935479696335651e+00,-2.440195691872915074e-01,2.794246169637186195e-01,1.570421014718081376e-01,-1.358599918545649599e-01,-9.374442513628610252e-01
1520531573705007696,6.728123190690360467e-01,1.268503468075110163e+00,7.791217955621486391e-02,1.803654497496271214e-01,9.552956873362997148e-02,1.475095733841109980e-02,-9.788385031718876972e-01
1520531574055217152,6.255853027190186322e-02,1.198392324363019457e+00,2.233523676248314327e-01,3.253771714813455951e-01,3.331672247679749038e-02,6.255557448616380634e-02,-9.429244361999051804e-01
1520531574404248082,-6.044480562935314882e-01,8.146367402389458334e-01,6.705446103837633953e-02,4.994224130721022226e-01,3.497229792314851538e-02,4.811781520843663035e-02,-8.643141023718053928e-01
1520531574754227240,-1.029498287142021962e+00,2.218268230743286329e-01,-1.543724418929172670e-01,6.694391146620829458e-01,5.102076065977219355e-02,-9.998136064469145823e-02,-7.343377160855766306e-01
1520531575104862766,-1.287599317255863962e+00,-2.584822014984468619e-01,-3.566744397508225806e-02,8.236556229296506659e-01,4.844491590894780403e-03,-1.139781270648631967e-01,-5.554970137348902437e-01
1520531575454866766,-1.524877321174800349e+00,-2.579473514670721501e-01,3.162285842552869930e-01,8.608754637173545721e-01,-1.359097543712984579e-01,-4.996921812766132870e-02,-4.877756163195055561e-01
1520531575804368644,-1.747284674278594796e+00,1.615371776964514006e-01,2.048567786552621117e-01,7.553070127098360231e-01,-1.546314082691722658e-01,-5.034895302962746205e-02,-6.348743395797760147e-01
1520531576154125258,-1.606878550186909171e+00,6.791616758740954829e-01,-4.483559413874145527e-02,4.946548360515912734e-01,-1.704349786611793205e-02,-7.417286691480336029e-03,-8.688907274274466630e-01
1520531576504321801,-1.123260349411131953e+00,9.591203359381520466e-01,-2.293977730039392995e-02,2.051227620132110296e-01,1.374570951961798758e-02,-1.298006690759375380e-02,-9.785536397341478843e-01
1520531576854484942,-5.715049692039777529e-01,8.689401270505481278e-01,2.191645103349643409e-01,1.025487038207702761e-01,3.519677591167334751e-02,5.142635839004303967e-03,-9.940917983801751401e-01
1520531577204100293,-1.991565073654567863e-02,5.170702610190109905e-01,2.405709353572531572e-01,1.082732230055190037e-01,9.442232828551390747e-03,-5.483033645346250401e-02,-9.925630396219721208e-01
1520531577554241328,4.501595007572521956e-01,1.140126175042484036e-01,4.441126569837381549e-02,-3.019524287740692481e-01,-1.396695222030205075e-01,-1.204496744534624963e-01,-9.353122640322191206e-01
1520531577904252328,5.925178008693332554e-01,-2.244917642534472180e-01,1.505494016162741699e-01,-7.588221342084208176e-01,-5.306906940050221122e-02,-9.267115919625383558e-02,-6.424832283893212592e-01
1520531578254779398,4.641586660555553912e-01,-1.830931855156034682e-01,3.479059521433469637e-01,-9.430077185043945764e-01,1.777945844557945188e-01,-3.991232768557036181e-02,-2.784466460168761870e-01
1520531578604066889,3.990987218620516419e-01,1.460971722860970046e-01,2.290208789564260883e-01,-9.488647843904477464e-01,2.373452351832398277e-01,1.605290681428805238e-02,-2.075214795202982299e-01
1520531578953942591,2.944769254749073362e-01,5.899544314458833316e-01,1.024169911279278720e-02,-8.876552254272923603e-01,1.335360120875370149e-01,3.472400480792069838e-02,-4.393524527500437538e-01
1520531579304227679,3.234143071815505366e-02,9.513602746252914910e-01,-5.620118095898227889e-02,-7.828818766597436252e-01,1.295486806336046751e-02,2.993077545505755735e-02,-6.213149662384110927e-01
1520531579654370959,-2.749321251901800656e-01,1.074428413465694954e+00,2.579426390267570632e-02,-6.697982123173625846e-01,-4.264257867868584406e-02,6.783454519403799010e-02,-7.382075858038953386e-01
1520531580004545924,-5.020613746856482651e-01,9.689638173492002293e-01,8.261507077613729211e-02,-7.218647574388437071e-01,-6.135815625291591441e-02,1.028850541198711860e-01,-6.815872022476311409e-01
1520531580354454924,-8.273625574744242206e-01,7.153736126204457424e-01,-1.923375273385654824e-02,-8.899964789364203099e-01,-9.326771171079706324e-02,3.877756182689767045e-02,-4.446388446051096621e-01
1520531580704583749,-1.258429459534094130e+00,4.471297388001221340e-01,3.401091823227711444e-03,-9.924120438063189775e-01,-2.206068933243342245e-02,1.053824473118394542e-02,-1.205014800420664833e-01
1520531581054443328,-1.530339672991539501e+00,2.532338372277074812e-01,1.491605124394609905e-01,-9.934300305454025759e-01,2.498740920551643235e-02,-7.368096798840134687e-02,8.392567395051911405e-02
1520531581404303293,-1.378999055745175228e+00,5.340323827977799809e-02,2.674796528908052751e-01,-9.870832623722456400e-01,1.066649715016203259e-01,-1.194740862294551287e-01,-3.893548350790337897e-03
1520531581754120819,-1.005183862604221101e+00,-7.141070210982260191e-02,1.350727771016156653e-01,-9.576107617329934207e-01,1.117442965894281139e-02,-1.145222434614380225e-01,-2.640860028239145896e-01
1520531582104308942,-6.931122880152269516e-01,4.311321772453389350e-02,-4.804357325682286767e-02,-8.243627513953523112e-01,-3.034205354368274543e-02,-5.840636308919556346e-02,-5.622224743367433275e-01
1520531582454650047,-5.787741758073732257e-01,2.359311265564237037e-01,3.954854847749680186e-02,-5.863806139811515994e-01,3.484279867384704188e-02,-7.264954345120362526e-03,-8.092533443650540281e-01
1520531582804661047,-4.354217696856524378e-01,3.159117409939866117e-01,1.469444529146386180e-01,-4.444437277261749086e-01,1.016171713084951522e-01,-2.565787220034498189e-02,-8.896546503977105225e-01
1520531583154557451,-1.519432809583530775e-01,2.418812521607670019e-01,1.905003590818996617e-01,-5.172606587877203177e-01,-3.000719162339417559e-02,3.341632446128129513e-02,-8.546486579764042135e-01
1520531583504592451,1.380645802797305088e-01,1.075126987925661970e-01,1.576792196070743168e-01,-6.125703196821498109e-01,-2.425195852457809886e-01,1.556218958115863360e-01,-7.360188039450697994e-01
1520531583854714819,2.805019370367805576e-01,-1.195300895335738439e-01,8.185944396677612145e-02,-7.786822823836436758e-01,-3.368362637969534723e-01,1.722872909866970115e-01,-5.005120616504399322e-01
1520531584205126100,8.509797736005950131e-02,-2.739921549330711081e-01,-1.862587931805141997e-02,-9.232174045024426068e-01,-3.129976032508600681e-01,2.015886522593110242e-01,-9.520577536717450551e-02
1520531584555538994,-2.221263106284953881e-01,-1.193305825356432426e-01,3.939255082145840664e-02,-9.281433759915490578e-01,-2.216346589488100705e-01,3.439123841041828028e-02,2.970609268757042343e-01
1520531584905121205,-3.617601856729285581e-01,1.559468270978135174e-01,2.158957678737948582e-01,-7.580145648739341491e-01,-9.774412520764354240e-02,-3.020190070748187683e-01,5.697758548691873592e-01
1520531585255132205,-2.227802631013210966e-01,4.056027237097914462e-01,3.221474741350430770e-01,-6.543752531172567499e-01,3.139985930136207637e-01,-3.185784366628248154e-01,6.096767105496677663e-01
1520531585604402573,-8.471789915742579391e-02,5.838615949553770390e-01,2.087929719555608743e-01,-7.243707776417402933e-01,3.353916887917121059e-01,1.405654286803726394e-01,5.856968088081470070e-01
1520531585954287486,4.594240615396755906e-02,6.781147634756522491e-01,2.733720000973768188e-02,-6.909940482174423693e-01,-1.373453548872973287e-02,2.942545634735522775e-01,6.601157775254044013e-01
1520531586305210749,1.777677695403376557e-01,7.380647190869356056e-01,5.955624832730885970e-02,-5.327112374009681517e-01,-3.715219465968658819e-01,-9.120667026705872593e-02,7.548983534505828707e-01
1520531586655448907,2.892020685075092912e-01,4.800652895528065289e-01,1.433524138233333578e-01,-8.323316304968252366e-01,-2.953664023192421606e-01,-1.720658978074988410e-01,4.363210653488817647e-01
1520531587005261380,3.731467820938321744e-01,2.052098621406262258e-01,1.384386075265447991e-01,-9.863409544754746516e-01,-3.108543696931773473e-02,7.942261396281144470e-02,1.409158100574606498e-01
1520531587354459749,1.931787475461497483e-01,9.244114361498637078e-02,1.352027153379007363e-01,-9.117486113736651410e-01,1.488123227044126085e-01,2.816368918241145547e-01,2.593260947786840132e-01
1520531587704471749,-9.550314967890603801e-02,2.538359330045905637e-01,-1.183278394965421761e-02,-7.270910521117867065e-01,1.051272085393754330e-01,3.325871865195899058e-01,5.913312399380546980e-01
1520531588054707082,-1.950972985451553121e-01,6.163675104233099500e-01,-1.078696062881885354e-01,-3.984296014731721902e-01,5.519225947093422957e-02,1.127725411721119397e-01,9.085648139356964359e-01
1520531588405153591,-5.581864097931937135e-02,8.796837726427509940e-01,-5.694373589404263386e-02,-4.108097622307937263e-02,1.514328816906414764e-02,1.155583506306374353e-01,9.923352769177936628e-01
1520531588755283679,-1.089182617518203167e-01,1.042328533058678453e+00,2.132247974353538300e-01,9.810666139356297166e-02,-8.800539931477885727e-03,-4.367093287898543563e-02,9.941782954322643251e-01
1520531589104761837,-4.545515000553367324e-01,1.107013966804401672e+00,2.452442894526367934e-01,1.775453547828945849e-02,-2.613401120684731224e-02,-7.945942120177823531e-02,9.963372874235255638e-01
1520531589454569819,-8.680157490851826418e-01,1.085144717966407324e+00,-4.579988846955759113e-02,-1.447512325574822935e-02,-3.083102041993911538e-02,5.336475843204481484e-02,9.979940488520390174e-01
1520531589805774644,-1.260603265306176057e+00,9.361373809938611235e-01,-1.017316216795289413e-01,-2.287807775246385178e-01,-5.617235186118057361e-02,1.487678103924141848e-01,9.604020831467684483e-01
1520531590155784644,-1.281201863707105870e+00,8.884624866025314649e-01,2.192743904505087826e-01,-3.252721246287216261e-01,5.856352080503671870e-02,-5.267061022541032894e-02,9.423344235402411062e-01
1520531590505016205,-8.795988002686672136e-01,9.574089059214301312e-01,2.994227840216245884e-01,-1.795492382729253489e-01,1.052206034855926453e-01,-9.615518131940777036e-02,9.733678013696426268e-01
1520531590854341959,-4.018668771235410220e-01,9.651275046769970389e-01,8.600685210594129215e-03,7.971570753651086721e-03,5.754348191159692344e-02,4.135717480218276815e-02,9.974541522504135616e-01
1520531591204812819,1.018386743608144795e-01,9.080049555169474873e-01,-1.667558214348768830e-01,1.215646595590233331e-01,3.518783318524218440e-02,1.177093754334782999e-01,9.849509393249425981e-01
1520531591555763030,5.480433113870244455e-01,8.149622427722913454e-01,-8.417929601608920009e-02,2.450366487100878177e-01,2.159336964635171982e-02,1.321635357003105582e-01,9.602205824743800244e-01
1520531591905270591,7.628195531422141684e-01,8.213764644853237540e-01,3.001235220062686282e-01,1.784981363186719516e-01,-2.834863442468022257e-02,-2.295523758860283300e-02,9.832638645471862837e-01
1520531592254349521,7.670333446531920618e-01,8.147837029593824054e-01,3.927518391785324581e-01,1.067306208041119836e-01,-2.726076932545727638e-02,-6.091945337166036756e-02,9.920454854690137214e-01
1520531592604361521,6.317611011609868266e-01,8.042639837165781458e-01,1.957205003084816746e-03,1.136292923711321873e-01,-5.391149477809653416e-03,1.843724963586158838e-02,9.933374991655196107e-01
1520531592954473152,3.054836665101816062e-01,6.974298304191252074e-01,-1.603359469963231698e-01,6.457651374684282575e-02,-2.000954817863313633e-03,1.212757531996882659e-01,9.905140391422874169e-01
1520531593305200837,1.913492836268821523e-02,6.952685688088046101e-01,2.170467762907546672e-01,-1.634880427736937550e-02,-1.695705907538945165e-02,-3.422435554451183637e-02,9.991365613537406265e-01
1520531593654666293,-2.029969572932429356e-01,7.330995676318395882e-01,3.241249346142759946e-01,-6.243442491131172972e-02,6.557251660678727924e-03,-1.025530700808503226e-01,9.927445859100137993e-01
1520531594004393433,-4.126016554598940789e-01,8.762626580460197712e-01,1.171301521378036170e-01,-9.392831648809785161e-02,1.584225539882971878e-02,3.467927941666079650e-02,9.948486527531367196e-01
1520531594354858889,-6.400496623932896423e-01,1.026928721729725158e+00,4.158434544121202003e-02,-9.459258249782334649e-02,8.116078372869848590e-04,5.187961781745528689e-02,9.941630097143152600e-01
1520531594705763012,-9.196280066883850690e-01,1.214622863667521591e+00,6.559213016478865343e-02,-8.039162013030178022e-02,3.427558267020409943e-02,5.487410242951214906e-02,9.946613517815994232e-01
1520531595055774012,-9.767382539729493329e-01,1.194403957667712346e+00,9.660167590024112960e-02,-1.462948225316011153e-01,4.095122526831063148e-02,3.106708890794191921e-02,9.879046806429542249e-01
1520531595406104310,-8.264220328863477461e-01,1.072600790781903290e+00,1.500126909238888584e-01,-3.396195412881230502e-01,2.147190967364463465e-01,6.788150196434937500e-02,9.132066460352736836e-01
1520531595755392854,-4.592205206135859807e-01,1.055252372039956699e+00,3.972902592437436986e-02,-7.588255576042134479e-03,3.281337587829361579e-01,2.100381721094889409e-01,9.209531046590805348e-01
1520531596105906872,-8.766418530387579122e-02,9.685777791079306365e-01,5.899531174879828199e-02,3.974954959907736063e-01,-2.502366776707865698e-02,4.972872474291314959e-02,9.159138609356097804e-01
1520531596455094135,-2.002381687902740071e-01,9.115761723749853385e-01,2.597695087715307660e-01,1.210816324096057606e-01,-3.298992949816105247e-01,-1.112339273177381099e-01,9.295873852829187323e-01
1520531596804575731,-5.032760005818280868e-01,7.817587764446997101e-01,1.308798696335977396e-01,-3.798965812901132222e-01,-1.285445990311260001e-01,5.492711229195481465e-02,9.144057556245358542e-01
1520531597155223644,-6.614938649262825932e-01,6.340865548256043871e-01,1.386254421078807753e-01,-5.533995409388339226e-01,1.503913027333468044e-01,2.008710307031961462e-01,7.942180010394441769e-01
1520531597505235644,-5.285693109886439034e-01,6.880566657759635829e-01,2.363848060452597710e-01,-2.775718649285414119e-01,3.531075575063482574e-01,2.623971722178916610e-01,8.540589187193390330e-01
1520531597855568696,-1.092812390992842497e-01,7.478058830414365810e-01,1.172973747499027053e-01,1.983994477232741416e-01,2.391178560776435202e-01,1.795505792051266813e-01,9.333926823984827204e-01
1520531598206026328,1.704541011265842398e-01,7.029755238670510886e-01,1.874070993786332850e-01,3.852874161489628357e-01,-1.489180462951779360e-01,-4.381863664085194898e-02,9.096466069456975445e-01
1520531598554805889,3.111310521135889420e-02,6.748335790143152879e-01,2.714213072498060653e-01,7.550811728592490835e-02,-7.206711588042752359e-02,-2.799828738188174238e-01,9.543135990861538742e-01
1520531598904475556,-1.016776055103824766e-01,7.096878383048405015e-01,2.670711941541106804e-01,-1.187660041785500338e-02,1.546617268761089382e-02,-2.375627047181951557e-01,9.711764541996924516e-01
1520531599254567959,-1.733413520256170126e-01,7.592917086008015293e-01,1.609803640493989163e-01,9.551013613034520840e-04,1.993632738173420783e-03,2.059747301557983690e-01,9.785548138694843967e-01
1520531599604578959,-2.020936095127870147e-01,7.330994532179273548e-01,2.696036083567417418e-01,2.722896219778786573e-03,-6.065809615805488331e-03,-3.193676396996694145e-01,9.476075677739933534e-01
1520531599954876486,-2.783759462222742953e-01,7.197204464336846019e-01,2.169505351705302842e-01,-3.828806452875504474e-01,3.957363723314859597e-03,-1.678841063959955054e-02,9.236367792616027028e-01
1520531600304569521,-2.893851740217725510e-01,7.732592871799004453e-01,2.076805978977395439e-01,-1.796904258127478837e-01,1.027298242344553900e-02,-1.065689444733241079e-02,9.836118377206017893e-01
1520531600654769082,-2.122509205916019437e-01,8.282569087314298750e-01,1.904358494768081667e-01,1.945700339369644816e-01,9.595380517630402659e-03,-7.812557247320478515e-02,9.777253323363492843e-01
1520531601004733644,-2.462076120341772922e-01,8.346368896770371970e-01,1.992854967097809349e-01,-1.358447661356504688e-01,-2.899800077832407896e-01,-1.183856832009962251e-01,9.399162859598804154e-01
1520531601354786942,-3.419609576560446174e-01,8.419257818333960586e-01,2.056841019220658484e-01,-1.944514997226358677e-01,-3.416588976544872591e-01,-9.461211495176229114e-02,9.146072160296424558e-01
1520531601704862293,-3.519149186197025325e-01,8.405564672867728016e-01,1.470110866710257480e-01,-9.326925526364336638e-02,9.677469569244093878e-03,-1.853760068848787912e-02,9.954212927027510371e-01
1520531602054873293,-2.764062369542099051e-01,8.087816929956205270e-01,9.916610577669646154e-02,-5.942833674346173316e-03,1.886930996816771344e-02,-3.429037107678910724e-03,9.997984164689192044e-01
1520531602404891731,-1.492631751302924137e-01,7.821043628926153124e-01,4.202768981392956266e-02,2.805567157191849251e-02,1.107239664239790394e-02,-1.651807492126798615e-02,9.994085423519940559e-01
1520531602754934573,1.304034835646167290e-02,7.554850175963715442e-01,-1.662996244577602187e-02,3.763695468124608062e-02,-1.560586974607811560e-02,-1.225755591216215294e-02,9.990944243638087974e-01
1520531603104975258,1.214627810239175959e-01,7.284772506138506021e-01,-6.345712880647036425e-02,7.824741178438475442e-02,-3.983098359171137470e-02,2.584285647648760717e-02,9.958026822941870027e-01
1520531603455084573,6.992628799167763948e-03,7.791261773288096215e-01,-1.948432171587289805e-02,3.611470419561337020e-02,-5.600332993372739848e-02,-1.172658238627726120e-02,9.977082952660738524e-01
1520531603805046819,-2.153342304167794041e-01,8.220055001894673863e-01,4.293146872381748552e-02,3.367004840807098689e-04,-2.310718638170791359e-02,1.104925868566070503e-03,9.997323260298879299e-01
1520531604155028889,-4.768419031351953108e-01,8.407906294000395686e-01,9.880725281913636804e-02,-3.631893117277491118e-02,1.747991244148205253e-02,-2.485233702533284211e-02,9.988782454553130075e-01
1520531604505035889,-7.010246903921785178e-01,8.331014028808075844e-01,1.409900612156486377e-01,-4.769844677998001659e-02,3.239706175584319142e-02,-4.475745726824945786e-02,9.973324714373068556e-01
1520531604954842661,-8.373417709542715359e-01,7.671361342240748948e-01,7.217010875820570326e-02,-1.024309954158877656e-01,3.314962248668652800e-02,-4.572396815265538511e-02,9.931355962019867700e-01
1520531605304854661,-7.388268487250755356e-01,7.525192740734667485e-01,-8.528925355443582601e-02,-1.253547143914754414e-01,-8.346010970451615829e-03,4.395407643349223334e-03,9.920671449414910636e-01
1520531605654979889,-4.772506884366482516e-01,8.323098620719173724e-01,-6.878211204343338825e-02,-1.121140845596394348e-01,-5.070408681215123059e-02,2.808808634419285213e-03,9.923969156632618249e-01
1520531606005164433,-1.861317462249524324e-01,8.915463859269325830e-01,8.114619451533580663e-02,-8.133404435927379938e-02,-5.024122796397836183e-02,-2.386641492625592512e-02,9.951336525710520187e-01
1520531606355134030,7.252084903010047601e-02,8.928924921476234511e-01,1.124008642580668627e-01,-1.782289880194468578e-03,-2.730092160273532575e-02,-5.186490515640103383e-02,9.982792769238184594e-01
1520531606705039837,1.463500509740273681e-01,8.676992150818000349e-01,-1.216972578410421314e-02,5.608918612391708414e-02,2.877703138846761464e-03,2.069359199706194072e-02,9.982071414665697473e-01
1520531607055410977,3.411038928203730114e-02,8.830208533957207839e-01,-6.107975851518751553e-02,2.456605501106599171e-02,-1.293917702442861153e-02,2.750482002921684696e-02,9.992359939044852535e-01
1520531607405609977,-1.016618039671568774e-01,8.818581095645720014e-01,-6.115544801618214010e-02,-4.356003444413794612e-02,6.336252931510729346e-03,4.246310365775858575e-02,9.981278776418199827e-01
1520531607755616977,-1.825611704310273198e-01,8.683439587947127114e-01,-3.400404073474064259e-02,-6.175018600891748338e-02,2.630395242251485580e-03,1.314356266497444803e-02,9.980016244020876170e-01
1520531608105509924,-2.212831028773987740e-01,8.577358883340899798e-01,-3.818983671222213327e-02,-5.989519021670441923e-02,-6.191165367335284579e-04,4.701725700774405325e-04,9.982043687649204688e-01
1520531608455293345,-2.244085940824775693e-01,8.519240244869331624e-01,-3.828548562283978079e-02,-4.080252173250430159e-02,1.207402643997800831e-03,3.289936448959543402e-03,9.991610844690088644e-01
1520531608805309626,-2.145126866657992570e-01,8.500288007694140058e-01,-2.442817111964092763e-02,-1.414617556117939677e-02,1.020077950630690362e-03,6.406794545739501710e-03,9.998788917372021245e-01
1520531609155311223,-2.136362611021934144e-01,8.426454193563740480e-01,-1.904935591637663475e-02,-2.106976155893406245e-03,-1.070722426790466503e-02,-4.278685789437174439e-03,9.999313020642321970e-01
1520531609505276872,-2.160341662227278914e-01,8.360694242799615594e-01,-2.327876427016253857e-02,-4.127700794200160270e-03,-8.499752706740148350e-03,3.231395985467150778e-03,9.999501359418193625e-01
